Player,Team,Pos,AVG,OBP,SLG,OPS
Whit Merrifield,KC,2B,0.302,0.348,0.463,0.811
Marcus Semien,OAK,SS,0.285,0.369,0.522,0.891
Rafael Devers,BOS,3B,0.311,0.361,0.555,0.916
Jonathan Villar,BAL,2B,0.274,0.339,0.453,0.792
Ozzie Albies,ATL,2B,0.295,0.352,0.5,0.852
Eduardo Escobar,ARI,2B,0.269,0.32,0.511,0.831
Starlin Castro,MIA,2B,0.27,0.3,0.436,0.736
Jose Abreu,CWS,1B,0.284,0.33,0.503,0.833
Jorge Polanco,MIN,SS,0.295,0.356,0.485,0.841
Ronald Acuna,ATL,OF,0.28,0.365,0.518,0.883
Eric Hosmer,SD,1B,0.265,0.31,0.425,0.735
Amed Rosario,NYM,SS,0.287,0.323,0.432,0.755
Xander Bogaerts,BOS,SS,0.309,0.384,0.555,0.939
Cesar Hernandez,PHI,2B,0.279,0.333,0.408,0.741
DJ LeMahieu,NYY,2B,0.327,0.375,0.518,0.893
Trey Mancini,BAL,1B,0.291,0.364,0.535,0.899
Elvis Andrus,TEX,SS,0.275,0.313,0.393,0.706
Francisco Lindor,CLE,SS,0.284,0.335,0.518,0.853
Paul Goldschmidt,STL,1B,0.26,0.346,0.476,0.822
Freddie Freeman,ATL,1B,0.295,0.389,0.549,0.938
Mookie Betts,BOS,OF,0.295,0.391,0.524,0.915
Pete Alonso,NYM,1B,0.26,0.358,0.583,0.941
David Fletcher,LAA,2B,0.29,0.35,0.384,0.734
Kevin Pillar,SF,OF,0.264,0.293,0.442,0.735
Jorge Soler,KC,OF,0.265,0.354,0.569,0.923
Trevor Story,COL,SS,0.294,0.363,0.554,0.917
Nolan Arenado,COL,3B,0.315,0.379,0.583,0.962
Manny Machado,SD,SS,0.256,0.334,0.462,0.796
Randal Grichuk,TOR,OF,0.232,0.28,0.457,0.737
Paul DeJong,STL,SS,0.233,0.318,0.444,0.762
Matt Chapman,OAK,3B,0.249,0.342,0.506,0.848
Charlie Blackmon,COL,OF,0.314,0.364,0.576,0.94
Leury Garcia,CWS,OF,0.279,0.31,0.378,0.688
Jean Segura,PHI,SS,0.28,0.323,0.42,0.743
J.D. Martinez,BOS,OF,0.304,0.383,0.557,0.94
Michael Brantley,HOU,OF,0.311,0.372,0.503,0.875
Eugenio Suarez,CIN,3B,0.271,0.358,0.572,0.93
Carlos Santana,CLE,1B,0.281,0.397,0.515,0.912
Bryce Harper,PHI,OF,0.26,0.372,0.51,0.882
Rhys Hoskins,PHI,1B,0.226,0.364,0.454,0.818
Ketel Marte,ARI,2B,0.329,0.389,0.592,0.981
Tommy Pham,TB,OF,0.273,0.369,0.45,0.819
Adam Eaton,WAS,OF,0.279,0.365,0.428,0.793
Yuli Gurriel,HOU,1B,0.298,0.343,0.541,0.884
Shin-Soo Choo,TEX,OF,0.265,0.371,0.455,0.826
Lorenzo Cain,MIL,OF,0.26,0.325,0.372,0.697
Eddie Rosario,MIN,OF,0.276,0.3,0.5,0.8
Cody Bellinger,LAD,1B,0.305,0.406,0.629,1.035
Nick Ahmed,ARI,SS,0.254,0.316,0.437,0.753
Alex Gordon,KC,OF,0.266,0.345,0.396,0.741
Alex Bregman,HOU,SS,0.296,0.423,0.592,1.015
Adam Frazier,PIT,2B,0.278,0.336,0.417,0.753
Kole Calhoun,LAA,OF,0.232,0.325,0.467,0.792
Michael Conforto,NYM,OF,0.257,0.363,0.494,0.857
Josh Donaldson,ATL,3B,0.259,0.379,0.521,0.9
Gleyber Torres,NYY,2B,0.278,0.337,0.535,0.872
Victor Robles,WAS,OF,0.255,0.326,0.419,0.745
Anthony Rendon,WAS,3B,0.319,0.412,0.598,1.01
Kris Bryant,CHC,3B,0.282,0.382,0.521,0.903
Juan Soto,WAS,OF,0.282,0.401,0.548,0.949
Andrew Benintendi,BOS,OF,0.266,0.343,0.431,0.774
Renato Nunez,BAL,1B,0.244,0.311,0.46,0.771
Starling Marte,PIT,OF,0.295,0.342,0.503,0.845
J.T. Realmuto,PHI,C,0.275,0.328,0.493,0.821
Javier Baez,CHC,SS,0.281,0.316,0.531,0.847
Willy Adames,TB,SS,0.254,0.317,0.418,0.735
Austin Meadows,TB,OF,0.291,0.364,0.558,0.922
Christian Walker,ARI,1B,0.259,0.348,0.476,0.824
Kyle Schwarber,CHC,OF,0.25,0.339,0.531,0.87
Josh Bell,PIT,1B,0.277,0.367,0.569,0.936
Brandon Belt,SF,1B,0.234,0.339,0.403,0.742
Joey Votto,CIN,1B,0.261,0.357,0.411,0.768
Max Kepler,MIN,OF,0.252,0.336,0.519,0.855
Hanser Alberto,BAL,2B,0.305,0.329,0.422,0.751
Hunter Dozier,KC,3B,0.279,0.348,0.522,0.87
Mike Moustakas,MIL,2B,0.254,0.329,0.516,0.845
Rougned Odor,TEX,2B,0.205,0.283,0.439,0.722
Trea Turner,WAS,SS,0.298,0.353,0.497,0.85
Jason Heyward,CHC,OF,0.251,0.343,0.429,0.772
Yasmani Grandal,MIL,C,0.246,0.38,0.468,0.848
Anthony Rizzo,CHC,1B,0.293,0.405,0.52,0.925
Yoan Moncada,CWS,3B,0.315,0.367,0.548,0.915
Mallex Smith,SEA,OF,0.227,0.3,0.335,0.635
Jeff McNeil,NYM,2B,0.318,0.384,0.531,0.915
Jose Iglesias,CIN,SS,0.288,0.318,0.407,0.725
Josh Reddick,HOU,OF,0.275,0.319,0.409,0.728
Brandon Crawford,SF,SS,0.228,0.304,0.35,0.654
Jose Altuve,HOU,2B,0.298,0.353,0.55,0.903
Tim Anderson,CWS,SS,0.335,0.357,0.508,0.865
Yolmer Sanchez,CWS,2B,0.252,0.318,0.321,0.639
Orlando Arcia,MIL,SS,0.223,0.283,0.35,0.633
Jackie Bradley,BOS,OF,0.225,0.317,0.421,0.738
Miguel Cabrera,DET,1B,0.282,0.346,0.398,0.744
Kevin Newman,PIT,2B,0.308,0.353,0.446,0.799
Albert Pujols,LAA,1B,0.244,0.305,0.43,0.735
Brett Gardner,NYY,OF,0.251,0.325,0.503,0.828
Bryan Reynolds,PIT,OF,0.314,0.377,0.503,0.88
Avisail Garcia,TB,OF,0.282,0.332,0.464,0.796
Christian Yelich,MIL,OF,0.329,0.429,0.671,1.1
Corey Seager,LAD,SS,0.272,0.335,0.483,0.818
Max Muncy,LAD,2B,0.251,0.374,0.515,0.889
Dexter Fowler,STL,OF,0.238,0.346,0.409,0.755
Adam Jones,ARI,OF,0.26,0.313,0.414,0.727
Marcell Ozuna,STL,OF,0.241,0.328,0.472,0.8
Miguel Rojas,MIA,SS,0.284,0.331,0.379,0.71
Dansby Swanson,ATL,SS,0.251,0.325,0.422,0.747
Matt Olson,OAK,1B,0.267,0.351,0.545,0.896
Christian Vazquez,BOS,C,0.276,0.32,0.477,0.797
Jose Ramirez,CLE,3B,0.255,0.327,0.479,0.806
Khris Davis,OAK,DH,0.22,0.293,0.387,0.68
Ryan McMahon,COL,2B,0.25,0.329,0.45,0.779
George Springer,HOU,OF,0.292,0.383,0.591,0.974
Justin Turner,LAD,3B,0.29,0.372,0.509,0.881
Kolten Wong,STL,2B,0.285,0.361,0.423,0.784
Danny Santana,TEX,1B,0.283,0.324,0.534,0.858
Wilson Ramos,NYM,C,0.288,0.351,0.416,0.767
Mike Trout,LAA,OF,0.291,0.438,0.645,1.083
Eloy Jimenez,CWS,OF,0.267,0.315,0.513,0.828
Colin Moran,PIT,3B,0.277,0.322,0.429,0.751
Vladimir Guerrero,TOR,3B,0.272,0.339,0.433,0.772
Daniel Vogelbach,SEA,1B,0.208,0.341,0.439,0.78
Brian Anderson,MIA,3B,0.261,0.342,0.468,0.81
Ryan Braun,MIL,OF,0.285,0.343,0.505,0.848
Jurickson Profar,OAK,2B,0.218,0.301,0.41,0.711
C.J. Cron,MIN,1B,0.253,0.311,0.469,0.78
Jason Kipnis,CLE,2B,0.245,0.304,0.41,0.714
Scott Kingery,PHI,3B,0.258,0.315,0.474,0.789
Nelson Cruz,MIN,DH,0.311,0.392,0.639,1.031
Evan Longoria,SF,3B,0.254,0.325,0.437,0.762
Domingo Santana,SEA,OF,0.253,0.329,0.441,0.77
Freddy Galvis,TOR,2B,0.267,0.299,0.444,0.743
Joc Pederson,LAD,1B,0.249,0.339,0.538,0.877
Todd Frazier,NYM,3B,0.251,0.329,0.443,0.772
Kevin Kiermaier,TB,OF,0.228,0.278,0.398,0.676
Ian Desmond,COL,OF,0.255,0.31,0.479,0.789
Gio Urshela,NYY,3B,0.314,0.355,0.534,0.889
Hunter Renfroe,SD,OF,0.216,0.289,0.489,0.778
James McCann,CWS,C,0.273,0.328,0.46,0.788
Daniel Murphy,COL,1B,0.279,0.328,0.452,0.78
Oscar Mercado,CLE,OF,0.269,0.318,0.443,0.761
Wil Myers,SD,OF,0.239,0.321,0.418,0.739
Ramon Laureano,OAK,OF,0.288,0.34,0.521,0.861
Jonathan Schoop,MIN,2B,0.256,0.304,0.473,0.777
Jorge Alfaro,MIA,C,0.262,0.312,0.425,0.737
Nomar Mazara,TEX,OF,0.268,0.318,0.469,0.787
Luke Voit,NYY,1B,0.263,0.378,0.464,0.842
Omar Narvaez,SEA,C,0.278,0.353,0.46,0.813
Raimel Tapia,COL,OF,0.275,0.309,0.415,0.724
Marwin Gonzalez,MIN,3B,0.264,0.322,0.414,0.736
Niko Goodrum,DET,2B,0.248,0.322,0.421,0.743
Harold Ramirez,MIA,OF,0.276,0.312,0.416,0.728
Robbie Grossman,OAK,OF,0.24,0.334,0.348,0.682
Yadier Molina,STL,C,0.27,0.312,0.399,0.711
Brandon Drury,TOR,3B,0.218,0.262,0.38,0.642
Teoscar Hernandez,TOR,OF,0.23,0.306,0.472,0.778
Brian Dozier,WAS,2B,0.238,0.34,0.43,0.77
Matt Carpenter,STL,3B,0.226,0.334,0.392,0.726
Adalberto Mondesi,KC,SS,0.263,0.291,0.424,0.715
Enrique Hernandez,LAD,2B,0.237,0.304,0.411,0.715
Nick Markakis,ATL,OF,0.285,0.356,0.42,0.776
Justin Smoak,TOR,1B,0.208,0.342,0.406,0.748
Brian Goodwin,LAA,OF,0.262,0.326,0.47,0.796
Ji-Man Choi,TB,1B,0.261,0.363,0.459,0.822
Mark Canha,OAK,OF,0.273,0.396,0.517,0.913
J.D. Davis,NYM,3B,0.307,0.369,0.527,0.896
Buster Posey,SF,C,0.257,0.32,0.368,0.688
Nick Castellanos,DET,OF,0.273,0.328,0.462,0.79
Jarrod Dyson,ARI,OF,0.23,0.313,0.32,0.633
Andrelton Simmons,LAA,SS,0.264,0.309,0.364,0.673
Manuel Margot,SD,OF,0.234,0.304,0.387,0.691
Gary Sanchez,NYY,C,0.232,0.316,0.525,0.841
Eric Thames,MIL,1B,0.247,0.346,0.505,0.851
Dee Gordon,SEA,2B,0.275,0.304,0.359,0.663
Kyle Seager,SEA,3B,0.239,0.321,0.468,0.789
Brandon Dixon,DET,1B,0.248,0.29,0.435,0.725
Robinson Cano,NYM,2B,0.256,0.307,0.428,0.735
Roberto Perez,CLE,C,0.239,0.321,0.452,0.773
Maikel Franco,PHI,3B,0.234,0.297,0.409,0.706
David Peralta,ARI,OF,0.275,0.343,0.461,0.804
Garrett Cooper,MIA,1B,0.281,0.344,0.446,0.79
Anthony Santander,BAL,OF,0.261,0.297,0.476,0.773
Miguel Sano,MIN,3B,0.247,0.346,0.576,0.922
Nicky Lopez,KC,2B,0.24,0.276,0.325,0.601
Melky Cabrera,PIT,OF,0.28,0.313,0.399,0.712
Aaron Judge,NYY,OF,0.272,0.381,0.54,0.921
Jose Peraza,CIN,2B,0.239,0.285,0.346,0.631
Nick Senzel,CIN,OF,0.256,0.315,0.427,0.742
David Dahl,COL,OF,0.302,0.353,0.524,0.877
Yasiel Puig,CIN,OF,0.252,0.302,0.475,0.777
Jake Bauers,CLE,1B,0.226,0.312,0.371,0.683
Mike Yastrzemski,SF,OF,0.272,0.334,0.518,0.852
Rowdy Tellez,TOR,1B,0.227,0.293,0.449,0.742
Rio Ruiz,BAL,3B,0.232,0.306,0.376,0.682
Christin Stewart,DET,OF,0.233,0.305,0.388,0.693
Chris Taylor,LAD,2B,0.262,0.333,0.462,0.795
Robinson Chirinos,HOU,C,0.238,0.347,0.443,0.79
Willson Contreras,CHC,C,0.272,0.355,0.533,0.888
Tony Wolters,COL,C,0.262,0.337,0.329,0.666
Delino DeShields,TEX,OF,0.249,0.325,0.347,0.672
Dwight Smith,BAL,OF,0.241,0.297,0.412,0.709
Stephen Piscotty,OAK,OF,0.249,0.309,0.412,0.721
Luis Rengifo,LAA,2B,0.238,0.321,0.364,0.685
Harold Castro,DET,2B,0.291,0.305,0.384,0.689
Cavan Biggio,TOR,2B,0.234,0.364,0.429,0.793
Harrison Bader,STL,OF,0.205,0.314,0.366,0.68
Michael Chavis,BOS,2B,0.254,0.322,0.444,0.766
Danny Jansen,TOR,C,0.207,0.279,0.36,0.639
J.P. Crawford,SEA,SS,0.226,0.313,0.371,0.684
Joe Panik,SF,2B,0.235,0.31,0.317,0.627
Alex Verdugo,LAD,OF,0.294,0.342,0.475,0.817
Chad Pinder,OAK,2B,0.24,0.29,0.416,0.706
Albert Almora,CHC,OF,0.236,0.271,0.381,0.652
Jesse Winker,CIN,OF,0.269,0.357,0.473,0.83
Neil Walker,MIA,1B,0.261,0.344,0.395,0.739
Jeimer Candelario,DET,1B,0.203,0.306,0.337,0.643
Jose Martinez,STL,OF,0.269,0.34,0.41,0.75
Howie Kendrick,WAS,2B,0.344,0.395,0.572,0.967
Fernando Tatis,SD,SS,0.317,0.379,0.59,0.969
Stevie Wilkerson,BAL,OF,0.225,0.286,0.383,0.669
Ryan O'Hearn,KC,1B,0.195,0.281,0.369,0.65
Travis d'Arnaud,TB,C,0.263,0.323,0.459,0.782
Luis Arraez,MIN,2B,0.334,0.399,0.439,0.838
Tommy Edman,STL,2B,0.304,0.35,0.5,0.85
Didi Gregorius,NYY,SS,0.238,0.276,0.441,0.717
Asdrubal Cabrera,TEX,2B,0.235,0.318,0.393,0.711
Franmil Reyes,SD,OF,0.255,0.314,0.536,0.85
John Hicks,DET,C,0.21,0.24,0.379,0.619
Curtis Granderson,MIA,OF,0.183,0.281,0.356,0.637
Logan Forsythe,TEX,3B,0.227,0.325,0.353,0.678
Tucker Barnhart,CIN,C,0.231,0.328,0.38,0.708
Carson Kelly,ARI,C,0.245,0.348,0.478,0.826
Josh Phegley,OAK,C,0.239,0.282,0.411,0.693
Yan Gomes,WAS,C,0.223,0.316,0.389,0.705
Keston Hiura,MIL,2B,0.303,0.368,0.57,0.938
Lourdes Gurriel,TOR,OF,0.277,0.327,0.541,0.868
Yordan Alvarez,HOU,DH,0.313,0.412,0.655,1.067
Austin Hedges,SD,C,0.176,0.252,0.311,0.563
Greg Garcia,SD,2B,0.248,0.364,0.354,0.718
Ben Gamel,MIL,OF,0.248,0.337,0.373,0.71
Mitch Garver,MIN,C,0.273,0.365,0.63,0.995
Matt Adams,WAS,1B,0.226,0.276,0.465,0.741
Cheslor Cuthbert,KC,1B,0.246,0.294,0.379,0.673
Willie Calhoun,TEX,OF,0.269,0.323,0.524,0.847
A.J. Pollock,LAD,OF,0.266,0.327,0.468,0.795
Chris Davis,BAL,1B,0.179,0.276,0.326,0.602
Yandy Diaz,TB,3B,0.267,0.34,0.476,0.816
Pedro Severino,BAL,C,0.249,0.321,0.42,0.741
Tim Beckham,SEA,SS,0.237,0.293,0.461,0.754
Elias Diaz,PIT,C,0.241,0.296,0.307,0.603
David Bote,CHC,2B,0.257,0.362,0.422,0.784
Garrett Hampson,COL,2B,0.247,0.302,0.385,0.687
JaCoby Jones,DET,OF,0.235,0.31,0.43,0.74
Mitch Moreland,BOS,1B,0.252,0.328,0.507,0.835
Brandon Lowe,TB,2B,0.27,0.336,0.514,0.85
Tommy La Stella,LAA,2B,0.295,0.346,0.486,0.832
Jake Marisnick,HOU,OF,0.233,0.289,0.411,0.7
Eric Sogard,TOR,2B,0.3,0.363,0.477,0.84
Hunter Pence,TEX,OF,0.297,0.358,0.552,0.91
Richie Martin,BAL,SS,0.208,0.26,0.322,0.582
Carlos Correa,HOU,SS,0.279,0.358,0.568,0.926
Kurt Suzuki,WAS,C,0.264,0.324,0.486,0.81
Brian McCann,ATL,C,0.249,0.323,0.412,0.735
Ronny Rodriguez,DET,2B,0.221,0.252,0.438,0.69
Victor Reyes,DET,OF,0.304,0.336,0.431,0.767
Billy Hamilton,KC,OF,0.211,0.275,0.269,0.544
Austin Riley,ATL,OF,0.226,0.279,0.471,0.75
Tyler Naquin,CLE,OF,0.288,0.325,0.467,0.792
Dawel Lugo,DET,3B,0.245,0.271,0.381,0.652
Pablo Sandoval,SF,3B,0.268,0.313,0.507,0.82
Tyler Flowers,ATL,C,0.229,0.319,0.413,0.732
Byron Buxton,MIN,OF,0.262,0.314,0.513,0.827
Mike Zunino,TB,C,0.165,0.232,0.312,0.544
Wilmer Flores,ARI,2B,0.317,0.361,0.487,0.848
Jose Osuna,PIT,1B,0.264,0.31,0.456,0.766
Steven Duggar,SF,OF,0.234,0.278,0.341,0.619
Mike Tauchman,NYY,OF,0.277,0.361,0.504,0.865
Tom Murphy,SEA,C,0.273,0.324,0.535,0.859
Brock Holt,BOS,2B,0.297,0.369,0.402,0.771
Juan Lagares,NYM,OF,0.213,0.279,0.326,0.605
Ian Kinsler,SD,2B,0.217,0.278,0.368,0.646
Jordy Mercer,DET,SS,0.27,0.31,0.438,0.748
Ronald Guzman,TEX,1B,0.219,0.308,0.414,0.722
Jon Berti,MIA,SS,0.273,0.348,0.406,0.754
Stephen Vogt,SF,C,0.263,0.314,0.49,0.804
Josh Naylor,SD,OF,0.249,0.315,0.403,0.718
Billy McKinney,TOR,OF,0.215,0.274,0.422,0.696
Derek Dietrich,CIN,2B,0.187,0.328,0.462,0.79
Matt Beaty,LAD,1B,0.265,0.317,0.458,0.775
Dylan Moore,SEA,SS,0.206,0.302,0.389,0.691
Mitch Haniger,SEA,OF,0.22,0.314,0.463,0.777
Martin Prado,MIA,3B,0.233,0.265,0.294,0.559
Victor Caratini,CHC,C,0.266,0.348,0.447,0.795
Joey Gallo,TEX,OF,0.253,0.389,0.598,0.987
Edwin Encarnacion,SEA,1B,0.241,0.356,0.531,0.887
Jonathan Lucroy,LAA,C,0.242,0.31,0.371,0.681
Cameron Maybin,NYY,OF,0.285,0.364,0.494,0.858
Martin Maldonado,KC,C,0.227,0.291,0.366,0.657
Joey Wendle,TB,2B,0.231,0.293,0.34,0.633
Austin Nola,SEA,1B,0.269,0.342,0.454,0.796
Jason Castro,MIN,C,0.232,0.332,0.435,0.767
Leonys Martin,CLE,OF,0.199,0.276,0.343,0.619
Phillip Ervin,CIN,OF,0.271,0.331,0.466,0.797
Hernan Perez,MIL,2B,0.228,0.262,0.379,0.641
Johan Camargo,ATL,SS,0.233,0.279,0.384,0.663
Greg Allen,CLE,OF,0.229,0.29,0.346,0.636
Travis Shaw,MIL,3B,0.157,0.281,0.27,0.551
Welington Castillo,CWS,C,0.209,0.267,0.417,0.684
Austin Romine,NYY,C,0.281,0.31,0.439,0.749
Jeff Mathis,TEX,C,0.158,0.209,0.224,0.433
Josh VanMeter,CIN,OF,0.237,0.327,0.408,0.735
Adam Engel,CWS,OF,0.242,0.304,0.383,0.687
Francisco Mejia,SD,C,0.265,0.316,0.438,0.754
Lewis Brinson,MIA,OF,0.173,0.236,0.221,0.457
Clint Frazier,NYY,OF,0.267,0.317,0.489,0.806
Jordan Luplow,CLE,OF,0.276,0.372,0.551,0.923
Gordon Beckham,DET,2B,0.215,0.271,0.372,0.643
Jesus Aguilar,MIL,1B,0.225,0.32,0.374,0.694
Adam Haseley,PHI,OF,0.266,0.324,0.396,0.72
Aaron Hicks,NYY,OF,0.235,0.325,0.443,0.768
Yonder Alonso,CWS,1B,0.178,0.275,0.301,0.576
Justin Upton,LAA,OF,0.215,0.309,0.416,0.725
Andrew McCutchen,PHI,OF,0.256,0.378,0.457,0.835
Tyler White,HOU,1B,0.225,0.32,0.33,0.65
Ryan Cordell,CWS,OF,0.221,0.29,0.355,0.645
Addison Russell,CHC,2B,0.237,0.308,0.391,0.699
Donovan Solano,SF,2B,0.33,0.36,0.456,0.816
Luis Urias,SD,2B,0.223,0.329,0.326,0.655
Tim Locastro,ARI,OF,0.25,0.357,0.34,0.697
Nick Castellanos,CHC,OF,0.321,0.356,0.646,1.002
Austin Barnes,LAD,C,0.203,0.293,0.34,0.633
Aledmys Diaz,HOU,2B,0.271,0.356,0.467,0.823
Russell Martin,LAD,C,0.22,0.337,0.33,0.667
Grayson Greiner,DET,C,0.202,0.251,0.308,0.559
Curt Casali,CIN,C,0.251,0.331,0.411,0.742
Daniel Robertson,TB,2B,0.213,0.312,0.295,0.607
Aristides Aquino,CIN,OF,0.259,0.316,0.576,0.892
Guillermo Heredia,TB,OF,0.225,0.306,0.363,0.669
Ehire Adrianza,MIN,SS,0.272,0.349,0.416,0.765
Isiah Kiner-Falefa,TEX,C,0.238,0.299,0.322,0.621
Ildemaro Vargas,ARI,2B,0.269,0.299,0.413,0.712
Matt Joyce,ATL,OF,0.295,0.408,0.45,0.858
Brandon Nimmo,NYM,OF,0.221,0.375,0.407,0.782
Ender Inciarte,ATL,OF,0.246,0.343,0.397,0.74
Jake Cave,MIN,OF,0.258,0.351,0.455,0.806
Bo Bichette,TOR,SS,0.311,0.358,0.571,0.929
Jacob Stallings,PIT,C,0.262,0.325,0.382,0.707
Kevan Smith,LAA,C,0.251,0.318,0.393,0.711
Willians Astudillo,MIN,C,0.268,0.299,0.379,0.678
Gerardo Parra,WAS,OF,0.25,0.3,0.447,0.747
Jake Lamb,ARI,3B,0.193,0.323,0.353,0.676
Bubba Starling,KC,OF,0.215,0.255,0.317,0.572
Ty France,SD,2B,0.234,0.294,0.402,0.696
Kyle Farmer,CIN,2B,0.23,0.279,0.41,0.689
Yasiel Puig,CLE,OF,0.297,0.377,0.423,0.8
Isan Diaz,MIA,2B,0.173,0.259,0.307,0.566
Austin Dean,MIA,OF,0.225,0.261,0.404,0.665
Dominic Smith,NYM,1B,0.282,0.355,0.525,0.88
Edwin Encarnacion,NYY,1B,0.249,0.325,0.531,0.856
Mike Freeman,CLE,2B,0.277,0.362,0.39,0.752
Franmil Reyes,CLE,OF,0.237,0.304,0.468,0.772
Jung Ho Kang,PIT,3B,0.169,0.222,0.395,0.617
Yairo Munoz,STL,3B,0.267,0.298,0.355,0.653
Sandy Leon,BOS,C,0.192,0.251,0.297,0.548
Ryan Zimmerman,WAS,1B,0.257,0.321,0.415,0.736
Will Smith,LAD,C,0.253,0.337,0.571,0.908
Travis Demeritte,DET,OF,0.225,0.286,0.343,0.629
Ryon Healy,SEA,3B,0.237,0.289,0.456,0.745
Austin Slater,SF,OF,0.238,0.333,0.417,0.75
Matt Wieters,STL,C,0.214,0.268,0.435,0.703
Daniel Descalso,CHC,2B,0.173,0.271,0.25,0.521
Eduardo Nunez,BOS,2B,0.228,0.243,0.305,0.548
Chance Sisco,BAL,C,0.21,0.333,0.395,0.728
Jon Jay,CWS,OF,0.267,0.311,0.315,0.626
Jay Bruce,SEA,OF,0.212,0.283,0.533,0.816
Alex Avila,ARI,C,0.207,0.353,0.421,0.774
Tony Kemp,HOU,2B,0.227,0.308,0.417,0.725
David Freese,LAD,3B,0.315,0.403,0.599,1.002
Manny Pina,MIL,C,0.228,0.313,0.411,0.724
Kevin Plawecki,CLE,C,0.222,0.287,0.342,0.629
Trent Grisham,MIL,OF,0.231,0.328,0.41,0.738
Alex Dickerson,SF,OF,0.29,0.351,0.529,0.88
Gregory Polanco,PIT,OF,0.242,0.301,0.425,0.726
Shed Long,SEA,2B,0.263,0.333,0.454,0.787
Nate Lowe,TB,1B,0.263,0.325,0.454,0.779
Justin Bour,LAA,1B,0.172,0.259,0.364,0.623
Ben Zobrist,CHC,2B,0.26,0.358,0.313,0.671
Marco Hernandez,BOS,2B,0.25,0.279,0.338,0.617
Matt Duffy,TB,3B,0.252,0.343,0.327,0.67
Cole Tucker,PIT,SS,0.211,0.266,0.361,0.627
Matt Thaiss,LAA,3B,0.211,0.293,0.422,0.715
Jay Bruce,PHI,OF,0.221,0.235,0.51,0.745
Chris Iannetta,COL,C,0.222,0.311,0.417,0.728
Charlie Tilson,CWS,OF,0.229,0.293,0.285,0.578
Ryan Goins,CWS,3B,0.25,0.333,0.347,0.68
Sam Travis,BOS,1B,0.215,0.274,0.382,0.656
Mike Ford,NYY,1B,0.259,0.35,0.559,0.909
Pablo Reyes,PIT,OF,0.203,0.274,0.322,0.596
Erik Gonzalez,PIT,SS,0.254,0.301,0.317,0.618
Jose Rondon,CWS,2B,0.197,0.265,0.282,0.547
Adeiny Hechavarria,NYM,SS,0.204,0.252,0.359,0.611
Tyler O'Neill,STL,OF,0.262,0.311,0.411,0.722
Ian Happ,CHC,OF,0.264,0.333,0.564,0.897
Josh Rojas,ARI,OF,0.217,0.312,0.312,0.624
Josh Harrison,DET,2B,0.175,0.218,0.263,0.481
Andrew Knapp,PHI,C,0.213,0.318,0.324,0.642
Tomas Nido,NYM,C,0.191,0.231,0.316,0.547
Charlie Culberson,ATL,OF,0.259,0.294,0.437,0.731
Mark Reynolds,COL,1B,0.17,0.29,0.311,0.601
Chris Owings,KC,2B,0.133,0.193,0.222,0.415
Corey Dickerson,PHI,OF,0.293,0.307,0.579,0.886
Meibrys Viloria,KC,C,0.211,0.259,0.286,0.545
JT Riddle,MIA,OF,0.189,0.23,0.371,0.601
Mike Brosseau,TB,2B,0.273,0.319,0.462,0.781
Wilmer Difo,WAS,SS,0.252,0.315,0.313,0.628
Tyler Austin,SF,1B,0.185,0.279,0.4,0.679
Corey Dickerson,PIT,OF,0.315,0.373,0.551,0.924
Cam Gallagher,KC,C,0.238,0.312,0.365,0.677
Odubel Herrera,PHI,OF,0.222,0.288,0.341,0.629
DJ Stewart,BAL,OF,0.238,0.317,0.381,0.698
Asdrubal Cabrera,WAS,2B,0.323,0.404,0.565,0.969
Humberto Arteaga,KC,SS,0.197,0.258,0.23,0.488
Adam Duvall,ATL,OF,0.267,0.315,0.567,0.882
Jose Trevino,TEX,C,0.258,0.272,0.383,0.655
Luke Maile,TOR,C,0.151,0.205,0.235,0.44
Brad Miller,PHI,3B,0.263,0.331,0.61,0.941
Joey Rickard,BAL,OF,0.203,0.304,0.347,0.651
Nick Solak,TEX,DH,0.293,0.393,0.491,0.884
Bryan Holaday,MIA,C,0.278,0.344,0.435,0.779
Sean Rodriguez,PHI,3B,0.223,0.348,0.375,0.723
Jake Rogers,DET,C,0.125,0.222,0.259,0.481
Tim Lopes,SEA,OF,0.27,0.359,0.36,0.719
Eric Sogard,TB,2B,0.266,0.328,0.404,0.732
Francisco Cervelli,PIT,C,0.193,0.279,0.248,0.527
Kendrys Morales,OAK,1B,0.204,0.31,0.259,0.569
Roman Quinn,PHI,OF,0.213,0.298,0.37,0.668
Myles Straw,HOU,SS,0.269,0.378,0.343,0.721
Freddy Galvis,CIN,2B,0.234,0.284,0.411,0.695
Nick Williams,PHI,OF,0.151,0.196,0.245,0.441
Rosell Herrera,MIA,OF,0.2,0.288,0.314,0.602
Carlos Gonzalez,CLE,OF,0.21,0.282,0.276,0.558
Lucas Duda,KC,1B,0.171,0.252,0.324,0.576
Mauricio Dubon,SF,2B,0.279,0.312,0.442,0.754
Keon Broxton,BAL,OF,0.204,0.261,0.35,0.611
Jace Peterson,BAL,OF,0.22,0.269,0.33,0.599
Willi Castro,DET,SS,0.23,0.284,0.34,0.624
Reese McGuire,TOR,C,0.299,0.346,0.526,0.872
Zack Cozart,LAA,3B,0.124,0.178,0.144,0.322
Yonathan Daza,COL,OF,0.206,0.257,0.237,0.494
Cory Spangenberg,MIL,2B,0.232,0.277,0.358,0.635
Joe Panik,NYM,2B,0.277,0.333,0.404,0.737
Tyler Wade,NYY,2B,0.245,0.33,0.362,0.692
Derek Fisher,TOR,OF,0.161,0.271,0.376,0.647
Jesus Aguilar,TB,1B,0.261,0.336,0.424,0.76
Max Stassi,HOU,C,0.167,0.235,0.211,0.446
Steve Pearce,BOS,1B,0.18,0.245,0.258,0.503
Rafael Ortega,ATL,OF,0.205,0.271,0.307,0.578
Michael Taylor,WAS,OF,0.25,0.305,0.364,0.669
Carlos Gomez,NYM,OF,0.198,0.278,0.337,0.615
Gerardo Parra,SF,OF,0.198,0.278,0.267,0.545
Zack Collins,CWS,DH,0.186,0.307,0.349,0.656
Daniel Palka,CWS,OF,0.107,0.194,0.179,0.373
Martin Maldonado,HOU,C,0.202,0.316,0.464,0.78
Cesar Puello,MIA,OF,0.179,0.281,0.238,0.519
Chris Herrmann,OAK,C,0.202,0.28,0.274,0.554
Wilfredo Tovar,LAA,SS,0.193,0.239,0.253,0.492
Jonathan Davis,TOR,OF,0.181,0.266,0.265,0.531
Nick Martini,SD,OF,0.244,0.344,0.317,0.661
Tony Kemp,CHC,2B,0.183,0.258,0.305,0.563
Scott Schebler,CIN,OF,0.123,0.253,0.222,0.475
Pat Valaika,COL,2B,0.19,0.256,0.316,0.572
Jared Walsh,LAA,1B,0.203,0.276,0.329,0.605
Nico Hoerner,CHC,SS,0.282,0.305,0.436,0.741
Abraham Toro,HOU,3B,0.218,0.303,0.385,0.688
Sam Hilliard,COL,OF,0.273,0.356,0.649,1.005
Mac Williamson,SEA,OF,0.182,0.276,0.299,0.575
Brendan Rodgers,COL,2B,0.224,0.272,0.25,0.522
Ryan McBroom,KC,OF,0.293,0.361,0.36,0.721
Tim Federowicz,TEX,C,0.16,0.213,0.347,0.56
Scott Heineman,TEX,OF,0.213,0.306,0.373,0.679
Gavin Lux,LAD,2B,0.24,0.305,0.4,0.705
Seth Brown,OAK,OF,0.293,0.361,0.453,0.814
Richard Urena,TOR,SS,0.243,0.273,0.324,0.597
Yu Chang,CLE,3B,0.178,0.286,0.274,0.56
Yangervis Solarte,SF,2B,0.205,0.247,0.315,0.562
Yonder Alonso,COL,1B,0.26,0.357,0.479,0.836
Kelvin Gutierrez,KC,3B,0.26,0.304,0.356,0.66
Robel Garcia,CHC,2B,0.208,0.275,0.5,0.775
Matt Skole,CWS,DH,0.208,0.275,0.236,0.511
Kevin Cron,ARI,1B,0.211,0.269,0.521,0.79
Kyle Lewis,SEA,OF,0.268,0.293,0.592,0.885
Austin Wynns,BAL,C,0.214,0.247,0.271,0.518
Nick Hundley,OAK,C,0.2,0.233,0.357,0.59
Scooter Gennett,CIN,2B,0.217,0.236,0.261,0.497
Dustin Garneau,LAA,C,0.232,0.346,0.362,0.708
Austin Hays,BAL,OF,0.309,0.373,0.574,0.947
Kyle Tucker,HOU,OF,0.269,0.319,0.537,0.856
Blake Swihart,ARI,OF,0.136,0.186,0.273,0.459
Phil Gosselin,PHI,OF,0.262,0.294,0.308,0.602
Tyler Saladino,MIL,SS,0.123,0.197,0.215,0.412
Brett Phillips,KC,OF,0.138,0.247,0.262,0.509
Austin Allen,SD,C,0.215,0.282,0.277,0.559
Scooter Gennett,SF,2B,0.234,0.254,0.391,0.645
Thairo Estrada,NYY,2B,0.25,0.294,0.438,0.732
Cedric Mullins,BAL,OF,0.094,0.181,0.156,0.337
Jack Mayfield,HOU,SS,0.156,0.169,0.328,0.497
Nicky Delmonico,CWS,OF,0.206,0.265,0.286,0.551
John Ryan Murphy,ARI,C,0.177,0.25,0.419,0.669
Kendrys Morales,NYY,1B,0.177,0.32,0.242,0.562
Jesus Sucre,BAL,C,0.21,0.269,0.242,0.511
Adeiny Hechavarria,ATL,SS,0.328,0.4,0.639,1.039
Luis Guillorme,NYM,2B,0.246,0.324,0.361,0.685
Matt Kemp,CIN,OF,0.2,0.21,0.283,0.493
Yadiel Rivera,MIA,SS,0.183,0.258,0.217,0.475
Giancarlo Stanton,NYY,OF,0.288,0.403,0.492,0.895
Franklin Barreto,OAK,2B,0.123,0.138,0.263,0.401
Braden Bishop,SEA,OF,0.107,0.153,0.107,0.26
Jedd Gyorko,STL,3B,0.196,0.274,0.304,0.578
LaMonte Wade,MIN,OF,0.196,0.348,0.375,0.723
Sheldon Neuse,OAK,2B,0.25,0.295,0.304,0.599
Kyle Higashioka,NYY,C,0.214,0.211,0.464,0.675
Nick Dini,KC,C,0.196,0.27,0.357,0.627
Josh Fuentes,COL,1B,0.218,0.232,0.4,0.632
Isaac Galloway,MIA,OF,0.167,0.167,0.185,0.352
Kris Negron,LAD,OF,0.259,0.298,0.389,0.687
Jonathan Lucroy,CHC,C,0.189,0.283,0.283,0.566
Derek Fisher,HOU,OF,0.226,0.317,0.358,0.675
Andrew Knizner,STL,C,0.226,0.293,0.377,0.67
Sean Murphy,OAK,C,0.245,0.333,0.566,0.899
Keon Broxton,SEA,OF,0.115,0.238,0.231,0.469
Mac Williamson,SF,OF,0.118,0.211,0.196,0.407
Terrance Gore,KC,OF,0.275,0.362,0.353,0.715
Christian Arroyo,TB,3B,0.22,0.304,0.38,0.684
Joey Rickard,SF,OF,0.28,0.333,0.38,0.713
Anthony Bemboom,LAA,C,0.102,0.12,0.163,0.283
Keon Broxton,NYM,OF,0.143,0.208,0.163,0.371
Gorkys Hernandez,BOS,OF,0.143,0.218,0.245,0.463
Hanley Ramirez,CLE,DH,0.184,0.298,0.327,0.625
Chad Wallach,MIA,C,0.25,0.333,0.375,0.708
Kyle Garlick,LAD,OF,0.25,0.321,0.521,0.842
Edwin Rios,LAD,1B,0.277,0.393,0.617,1.01
J.B. Shuck,PIT,OF,0.213,0.339,0.255,0.594
Jake Elmore,PIT,OF,0.213,0.245,0.234,0.479
Miguel Andujar,NYY,DH,0.128,0.143,0.128,0.271
Michael Perez,TB,C,0.217,0.345,0.326,0.671
Bobby Bradley,CLE,DH,0.178,0.245,0.356,0.601
Chris Owings,BOS,2B,0.156,0.255,0.267,0.522
Bobby Wilson,DET,C,0.091,0.13,0.114,0.244
Peter Bourjos,LAA,OF,0.091,0.109,0.114,0.223
AJ Reed,CWS,DH,0.136,0.204,0.205,0.409
Dustin Peterson,DET,OF,0.227,0.277,0.318,0.595
Alen Hanson,TOR,2B,0.163,0.229,0.163,0.392
Drew Butera,COL,C,0.163,0.229,0.233,0.462
Max Stassi,LAA,C,0.071,0.163,0.071,0.234
Peter O'Brien,MIA,OF,0.167,0.255,0.262,0.517
Aramis Garcia,SF,C,0.143,0.217,0.31,0.527
Taylor Ward,LAA,OF,0.19,0.292,0.333,0.625
Kevin Kramer,PIT,OF,0.167,0.26,0.19,0.45
Jaylin Davis,SF,OF,0.167,0.255,0.238,0.493
Brian O'Grady,CIN,OF,0.19,0.292,0.429,0.721
Eric Stamets,CLE,SS,0.049,0.149,0.073,0.222
Billy Hamilton,ATL,OF,0.268,0.375,0.317,0.692
Cesar Puello,LAA,OF,0.39,0.5,0.683,1.183
Carlos Gonzalez,CHC,OF,0.175,0.306,0.3,0.606
Magneuris Sierra,MIA,OF,0.35,0.381,0.425,0.806
Jake Fraley,SEA,OF,0.15,0.171,0.2,0.371
Carter Kieboom,WAS,SS,0.128,0.209,0.282,0.491
Danny Mendick,CWS,SS,0.308,0.325,0.462,0.787
Socrates Brito,TOR,OF,0.077,0.163,0.128,0.291
Dom Nunez,COL,C,0.179,0.233,0.41,0.643
Rangel Ravelo,STL,1B,0.205,0.256,0.41,0.666
Caleb Joseph,ARI,C,0.211,0.25,0.263,0.513
Lane Thomas,STL,OF,0.316,0.409,0.684,1.093
Corban Joseph,OAK,2B,0.189,0.225,0.324,0.549
Jedd Gyorko,LAD,3B,0.139,0.205,0.167,0.372
Brad Miller,CLE,3B,0.25,0.325,0.417,0.742
Mark Zagunis,CHC,OF,0.25,0.325,0.333,0.658
Alex Blandino,CIN,2B,0.25,0.42,0.361,0.781
Michael Hermosillo,LAA,OF,0.139,0.304,0.222,0.526
Jason Martin,PIT,OF,0.25,0.325,0.306,0.631
Garrett Stubbs,HOU,C,0.2,0.282,0.286,0.568
Greg Bird,NYY,1B,0.171,0.293,0.257,0.55
Logan Morrison,PHI,1B,0.2,0.263,0.4,0.663
Erik Kratz,SF,C,0.125,0.222,0.281,0.503
Francisco Cervelli,ATL,C,0.281,0.378,0.688,1.066
Breyvic Valera,NYY,2B,0.219,0.324,0.313,0.637
Max Moroff,CLE,2B,0.125,0.176,0.25,0.426
Abraham Almonte,ARI,OF,0.29,0.421,0.548,0.969
Aaron Altherr,NYM,OF,0.129,0.2,0.258,0.458
Adrian Sanchez,WAS,3B,0.226,0.25,0.226,0.476
Mason Williams,BAL,OF,0.267,0.324,0.3,0.624
Andrew Stevenson,WAS,OF,0.367,0.486,0.467,0.953
Seth Mejias-Brean,SD,1B,0.233,0.303,0.5,0.803
Aaron Altherr,PHI,OF,0.034,0.067,0.069,0.136
Mark Trumbo,BAL,DH,0.172,0.226,0.276,0.502
Anthony Alford,TOR,OF,0.179,0.233,0.286,0.519
Patrick Wisdom,TEX,1B,0.154,0.185,0.192,0.377
Blake Swihart,BOS,OF,0.231,0.31,0.385,0.695
Kaleb Cowart,LAA,3B,0.16,0.192,0.28,0.472
Rajai Davis,NYM,OF,0.2,0.231,0.4,0.631
Domingo Leyba,ARI,2B,0.28,0.367,0.44,0.807
Mike Gerber,SF,OF,0.042,0.115,0.083,0.198
Ryan Court,SEA,1B,0.208,0.24,0.375,0.615
Beau Taylor,OAK,C,0.174,0.321,0.435,0.756
Kris Negron,SEA,OF,0.217,0.28,0.217,0.497
Travis d'Arnaud,NYM,C,0.087,0.16,0.087,0.247
Ryan LaMarre,MIN,OF,0.217,0.308,0.478,0.786
Mikie Mahtook,DET,OF,0,0.08,0,0.08
Cristhian Adames,SF,2B,0.318,0.375,0.364,0.739
Travis Jankowski,SD,OF,0.182,0.25,0.182,0.432
Tyler White,LAD,1B,0.045,0.192,0.045,0.237
Erick Mejia,KC,OF,0.227,0.333,0.273,0.606
Ryan Flaherty,CLE,3B,0.143,0.143,0.238,0.381
Dustin Pedroia,BOS,2B,0.1,0.143,0.1,0.243
Tzu-Wei Lin,BOS,2B,0.2,0.273,0.3,0.573
Jorge Bonifacio,KC,OF,0.35,0.381,0.5,0.881
Tyler Austin,MIL,1B,0.2,0.37,0.45,0.82
Randy Arozarena,STL,OF,0.3,0.391,0.5,0.891
Alex Dickerson,SD,OF,0.158,0.158,0.158,0.316
Ryan Lavarnway,CIN,C,0.278,0.316,0.722,1.038
Chris Shaw,SF,1B,0.056,0.15,0.056,0.206
Juan Graterol,CIN,C,0.222,0.222,0.222,0.444
Taylor Davis,CHC,C,0.167,0.25,0.333,0.583
Ian Miller,MIN,OF,0.176,0.176,0.235,0.411
Dustin Garneau,OAK,C,0.294,0.368,0.588,0.956
Jose Pirela,PHI,OF,0.235,0.316,0.471,0.787
Erik Kratz,TB,C,0.059,0.059,0.059,0.118
Rene Rivera,NYM,C,0.235,0.35,0.412,0.762
Corban Joseph,SF,2B,0.063,0.118,0.063,0.181
Kevin Pillar,TOR,OF,0.063,0.059,0.063,0.122
Ronald Torreyes,MIN,SS,0.188,0.235,0.188,0.423
Eric Haase,CLE,C,0.063,0.118,0.25,0.368
Donovan Walton,SEA,SS,0.188,0.316,0.188,0.504
Frank Schwindel,KC,1B,0.067,0.067,0.067,0.134
Breyvic Valera,TOR,2B,0.267,0.267,0.533,0.8
Connor Joe,SF,OF,0.067,0.125,0.067,0.192
Juan Centeno,BOS,C,0.133,0.278,0.133,0.411
Franchy Cordero,SD,OF,0.333,0.45,0.4,0.85
Rocky Gale,LAD,C,0.133,0.133,0.133,0.266
Kean Wong,TB,2B,0.214,0.214,0.214,0.428
Luis Torrens,SD,C,0.214,0.313,0.286,0.599
Zach Green,SF,3B,0.143,0.25,0.214,0.464
David Freitas,MIL,C,0.077,0.25,0.077,0.327
Alex Jackson,ATL,C,0,0.133,0,0.133
Bradley Zimmer,CLE,OF,0,0.071,0,0.071
Andrew Velazquez,TB,2B,0.083,0.083,0.167,0.25
Jarrett Parker,LAA,OF,0,0.2,0,0.2
Seby Zavala,CWS,C,0.083,0.083,0.083,0.166
Jake Noll,WAS,1B,0.167,0.231,0.25,0.481
Raudy Read,WAS,C,0.091,0.091,0.091,0.182
Nick Martini,OAK,OF,0.091,0.231,0.364,0.595
Corban Joseph,PIT,2B,0.182,0.182,0.273,0.455
Troy Tulowitzki,NYY,SS,0.182,0.308,0.545,0.853
Andrew Velazquez,CLE,2B,0.091,0.167,0.182,0.349
Tyler Heineman,MIA,C,0.273,0.273,0.636,0.909
Martin Maldonado,CHC,C,0,0.154,0,0.154
Tyrone Taylor,MIL,OF,0.4,0.5,0.6,1.1
Skye Bolt,OAK,OF,0.1,0.182,0.2,0.382
Steve Baron,PIT,C,0.2,0.2,0.3,0.5
Ruben Tejada,NYM,SS,0,0,0,0
Deivy Grullon,PHI,C,0.111,0.111,0.222,0.333
Michael Reed,SF,OF,0,0,0,0
Edmundo Sosa,STL,2B,0.25,0.4,0.25,0.65
Wilkin Castillo,MIA,C,0.143,0.143,0.286,0.429
Jed Lowrie,NYM,2B,0,0.125,0,0.125
Drew Robinson,STL,OF,0.143,0.143,0.143,0.286
Abiatal Avelino,SF,SS,0.286,0.375,0.286,0.661
Christian Colon,CIN,2B,0.5,0.625,0.5,1.125
Jacob Nottingham,MIL,C,0.333,0.429,0.833,1.262
Nick Ciuffo,TB,C,0.167,0.167,0.167,0.334
Yasmany Tomas,ARI,DH,0,0,0,0
Jose Pirela,SD,OF,0,0,0,0
Deven Marrero,MIA,SS,0,0,0,0
Jim Adduci,CHC,OF,0,0,0,0
Ichiro Suzuki,SEA,OF,0,0.167,0,0.167
Anthony Bemboom,TB,C,0.4,0.4,0.6,1
Johnny Davis,TB,OF,0.25,0.25,0.75,1
Sam Haggerty,NYM,2B,0,0,0,0
Tyler Austin,MIN,1B,0.25,0.4,0.5,0.9
Kean Wong,LAA,2B,0,0,0,0
Drew Jackson,BAL,OF,0,0.25,0,0.25
Mauricio Dubon,MIL,2B,0,0,0,0
David Freitas,SEA,C,0,0.25,0,0.25
Beau Taylor,TOR,C,0,0,0,0
Mitch Walding,PHI,3B,0,0,0,0
Noel Cuevas,COL,OF,0,0,0,0
Tres Barrera,WAS,C,0,0,0,0
Joe Hudson,STL,C,0,0,0,0
Dylan Cozens,PHI,OF,0,0,0,0
Jose Rondon,BAL,2B,0,0,0,0
Travis d'Arnaud,LAD,C,0,0,0,0
Aaron Altherr,SF,OF,0,0,0,0
Rob Brantly,PHI,C,0,0,0,0
John Ryan Murphy,ATL,C,0,0,0,0
